<?xml version="1.0" encoding="UTF-8" standalone="yes"?>
<businessObjectModel modelVersion="1.0" productVersion="7.7.4">
    <businessObjects>
        <businessObject qualifiedName="com.co.edu.escuelaing.arem.SignUpRequest">
            <fields>
                <field type="STRING" length="255" name="nombre" nullable="true" collection="false"/>
                <field type="INTEGER" length="255" name="cedula" nullable="true" collection="false"/>
                <field type="STRING" length="255" name="contrasena" nullable="true" collection="false"/>
                <field type="BOOLEAN" length="255" name="verificado1" nullable="true" collection="false"/>
                <field type="BOOLEAN" length="255" name="verificado2" nullable="true" collection="false"/>
            </fields>
            <uniqueConstraints/>
            <queries/>
            <indexes/>
        </businessObject>
    </businessObjects>
</businessObjectModel>
